farmer_id,farmer_name
F013,Farmer_F013
F046,Farmer_F046
F045,Farmer_F045
F025,Farmer_F025
F032,Farmer_F032
F026,Farmer_F026
F016,Farmer_F016
F010,Farmer_F010
F042,Farmer_F042
F001,Farmer_F001
F049,Farmer_F049
F050,Farmer_F050
F007,Farmer_F007
F028,Farmer_F028
F015,Farmer_F015
F012,Farmer_F012
F034,Farmer_F034
F030,Farmer_F030
F004,Farmer_F004
F036,Farmer_F036
F008,Farmer_F008
F009,Farmer_F009
F043,Farmer_F043
F039,Farmer_F039
F021,Farmer_F021
F029,Farmer_F029
F040,Farmer_F040
F047,Farmer_F047
F033,Farmer_F033
F011,Farmer_F011
F048,Farmer_F048
F031,Farmer_F031
F017,Farmer_F017
F041,Farmer_F041
F018,Farmer_F018
F005,Farmer_F005
F019,Farmer_F019
F022,Farmer_F022
F035,Farmer_F035
F006,Farmer_F006
F014,Farmer_F014
F027,Farmer_F027
F038,Farmer_F038
F002,Farmer_F002
F037,Farmer_F037
F023,Farmer_F023
F020,Farmer_F020
F044,Farmer_F044
F003,Farmer_F003
F024,Farmer_F024
